sender_frequency,keyword_score,thread_length,response_deadline_hours,attachment_count,previous_priority_rate,target
4,63.1,0,8.8,3,34.73,0
1,59.16,3,5.85,0,25.8,0
3,2.59,3,1.0,4,85.01,1
3,72.42,6,3.85,1,9.95,1
2,32.71,1,16.63,3,20.9,0
3,66.18,4,11.7,3,54.38,1
3,55.54,3,12.91,0,48.3,0
3,34.59,1,11.98,1,9.13,0
2,14.19,2,3.72,4,5.65,0
4,10.25,2,1.05,1,93.93,1
2,82.49,3,3.18,2,64.3,1
1,91.0,0,17.83,3,37.89,0
4,64.68,0,36.0,1,47.34,0
6,11.14,3,6.81,3,28.99,0
2,40.4,4,1.0,2,36.04,0
1,72.44,6,1.51,5,63.41,1
3,77.42,4,3.89,1,84.45,1
2,12.59,2,8.64,1,21.57,0
4,1.0,2,1.0,5,80.63,1
0,70.79,6,28.71,0,15.94,0
4,35.95,3,4.54,2,24.35,0
2,25.94,3,24.37,2,8.35,0
2,2.26,3,15.17,3,17.67,0
5,53.95,2,14.08,1,87.56,1
3,84.41,2,9.33,4,46.35,1
4,94.85,3,9.86,4,11.99,1
1,56.44,4,10.16,2,91.38,1
4,51.42,0,9.91,2,84.11,1
3,9.34,2,8.07,2,72.92,0
3,54.79,5,36.0,2,89.01,0
5,38.24,5,13.18,5,24.81,1
3,60.5,2,15.0,4,80.27,1
4,39.1,2,20.59,0,67.1,0
3,24.55,3,2.43,3,83.28,1
4,10.31,2,1.0,3,76.72,1
5,31.86,4,6.6,2,36.18,0
1,10.47,1,7.22,2,74.7,0
2,18.34,1,17.67,3,28.62,0
3,97.76,3,5.87,6,34.57,1
5,44.52,4,8.46,1,14.71,0
5,53.12,3,7.49,0,89.16,1
3,86.61,1,1.0,1,31.19,1
2,98.57,2,9.55,1,51.86,1
3,58.11,1,17.61,0,40.22,0
3,80.62,0,1.71,1,91.39,1
1,33.04,2,9.02,4,35.15,0
6,30.96,2,9.0,1,75.07,1
1,40.46,1,1.79,6,81.99,1
6,66.91,5,1.32,1,44.2,1
3,67.85,7,36.0,2,39.04,0
3,31.89,2,5.0,3,72.3,1
2,14.05,2,2.58,0,87.16,0
3,62.97,2,1.88,6,72.94,1
2,13.58,1,11.01,4,25.44,0
6,57.69,2,9.4,1,84.95,1
2,68.96,2,10.32,2,39.88,0
7,69.66,4,1.0,7,56.86,1
2,74.84,1,22.4,2,79.83,1
0,86.54,3,4.93,2,21.96,0
5,50.0,2,3.76,5,75.61,1
0,72.56,3,6.21,4,58.65,1
6,61.68,4,4.94,1,85.4,1
3,19.29,4,19.92,4,20.48,0
3,3.52,3,26.49,2,42.86,0
4,28.89,4,3.62,5,79.96,1
4,44.42,2,19.95,2,6.73,0
9,61.48,4,15.21,1,15.1,1
3,84.3,2,26.71,0,94.15,1
1,20.23,2,2.82,2,30.24,0
4,13.3,6,8.6,1,92.8,1
0,95.42,5,3.21,1,21.43,1
2,11.59,3,17.38,1,37.5,0
4,47.89,6,1.0,3,72.76,1
1,58.39,3,8.32,6,64.2,1
5,54.05,1,4.14,2,57.3,1
3,9.43,0,3.9,0,52.69,0
0,6.59,2,10.35,1,80.91,0
4,11.34,2,19.07,2,26.15,0
1,58.39,3,9.4,5,44.82,0
6,54.35,5,19.19,4,18.99,1
3,23.91,1,3.07,1,58.63,0
1,63.5,1,7.33,2,27.55,0
1,81.37,3,5.99,4,35.05,1
0,5.07,3,1.0,3,47.41,0
3,49.82,2,8.14,2,7.41,0
2,68.55,3,10.83,2,13.27,0
4,25.73,2,8.96,2,66.73,0
5,31.16,3,13.33,0,43.61,0
2,61.14,5,8.47,5,82.83,1
5,89.0,2,1.0,3,67.52,1
5,80.37,5,1.24,3,5.73,1
1,58.15,1,9.08,2,60.5,0
0,72.56,0,3.22,5,13.44,0
2,36.75,4,1.0,2,75.28,1
2,63.81,4,5.61,2,94.24,1
2,46.69,5,8.08,2,52.81,1
6,19.61,3,3.99,0,66.45,1
6,69.77,5,12.75,3,26.36,1
5,55.53,0,10.32,4,44.38,1
6,36.14,2,4.05,1,82.05,1
2,90.31,2,14.06,4,20.07,1
6,3.05,2,10.46,3,28.9,0
4,31.95,3,10.15,2,45.09,0
1,6.57,3,8.06,5,69.1,0
4,76.12,5,1.0,3,38.83,1
3,69.81,0,11.92,2,88.5,1
2,33.47,1,4.72,4,13.5,0
3,67.21,3,28.58,2,38.37,0
7,39.8,3,17.04,2,68.81,1
2,75.11,3,8.86,3,25.34,1
3,45.51,2,2.91,5,64.08,1
0,41.4,2,2.28,2,19.78,0
1,92.6,1,4.16,2,10.04,0
1,25.59,1,6.47,2,15.89,0
5,12.8,3,3.51,4,88.7,1
3,58.29,3,7.23,4,54.66,1
2,95.99,2,1.81,1,76.67,1
2,38.03,4,36.0,1,34.94,0
6,7.08,5,1.14,1,58.34,1
2,34.25,3,26.87,0,49.55,0
5,50.58,4,24.49,5,90.12,1
2,16.87,4,7.45,0,72.28,0
4,65.49,4,12.91,3,70.75,1
4,98.78,1,5.73,4,9.17,1
8,45.27,3,9.94,3,54.47,1
0,35.76,4,4.16,1,47.03,0
4,40.27,2,3.58,3,88.51,1
6,12.28,5,8.63,2,28.16,0
2,87.56,3,6.89,2,29.29,1
7,41.65,4,8.66,1,42.02,1
3,38.95,3,3.38,2,26.9,0
3,65.65,0,4.57,3,16.63,0
6,44.32,4,1.0,3,82.17,1
3,64.53,3,1.0,3,55.24,1
4,7.02,1,2.92,1,82.52,0
0,80.74,2,1.0,5,79.8,1
3,93.17,0,1.1,3,30.38,1
5,64.58,3,16.76,2,54.3,1
5,94.55,2,1.0,2,12.49,1
5,15.84,5,10.76,5,87.37,1
1,47.79,1,3.18,3,41.38,0
1,59.98,4,20.52,4,40.43,0
2,58.01,1,6.64,3,32.25,0
4,40.34,6,3.65,5,46.46,1
1,34.13,4,7.29,2,27.66,0
2,13.43,1,4.81,7,38.74,0
1,39.39,3,8.31,4,77.0,1
2,16.94,3,1.22,1,80.08,0
2,72.97,2,36.0,1,32.38,0
3,21.47,3,5.54,2,47.21,0
2,6.74,3,4.28,2,83.64,0
3,55.13,2,12.39,3,9.74,0
4,59.33,3,4.52,3,85.02,1
1,86.45,3,17.91,2,24.73,0
5,57.54,3,6.06,3,66.07,1
3,34.86,4,12.71,3,57.43,0
1,79.7,1,1.14,2,54.76,1
2,53.95,1,18.72,4,82.34,0
4,8.77,1,13.31,2,14.14,0
2,56.45,2,2.38,6,36.23,1
3,89.99,2,1.57,8,53.44,1
3,39.84,1,3.8,2,78.02,1
4,30.04,6,36.0,5,24.48,0
1,15.06,2,2.97,2,77.26,0
1,15.84,5,6.09,5,40.97,0
3,43.41,6,1.0,3,22.0,1
3,59.38,3,5.06,2,73.31,1
5,8.9,3,8.47,3,13.18,0
6,93.08,6,30.6,1,51.33,1
3,75.0,1,7.27,3,10.75,0
2,58.49,5,17.1,0,37.08,0
3,82.19,2,7.92,1,59.1,1
1,8.86,3,1.0,2,55.05,0
1,47.73,2,3.78,2,41.42,0
5,62.75,4,8.57,0,43.61,1
3,82.21,6,30.08,0,25.41,0
6,77.78,3,19.6,3,46.03,1
2,28.15,1,2.59,3,90.79,1
3,93.21,2,2.49,1,81.54,1
1,13.19,4,2.25,3,18.07,0
5,86.76,3,25.57,5,7.68,1
4,96.15,0,19.15,4,89.02,1
4,18.36,3,14.91,0,52.41,0
3,71.76,4,4.99,1,53.41,1
3,4.95,2,7.02,3,75.26,0
5,40.73,5,6.24,3,33.32,1
3,51.6,6,2.92,2,48.37,1
5,57.9,1,7.03,7,92.18,1
3,92.72,0,1.0,1,65.49,1
1,66.88,2,1.41,4,18.84,0
5,48.17,3,21.77,2,16.99,0
3,80.35,5,13.93,3,23.38,1
3,94.15,0,5.5,1,74.0,1
3,3.16,0,7.28,6,31.58,0
6,97.29,3,4.62,5,6.92,1
7,9.44,4,13.5,2,89.98,1
6,80.81,3,15.33,4,20.27,1
1,28.47,3,14.41,0,5.86,0
2,13.95,4,12.82,3,26.34,0
4,44.11,4,2.29,2,26.15,1
3,64.11,6,4.12,4,42.98,1
2,38.33,2,6.35,2,87.84,1
4,6.35,5,4.02,3,84.13,1
1,59.75,1,14.06,6,46.12,0
3,89.44,2,4.0,2,41.98,1
1,38.56,2,1.49,3,54.95,0
3,22.2,4,5.09,2,26.91,0
3,44.37,2,36.0,5,9.7,0
1,5.74,2,2.56,3,89.53,0
2,81.41,3,9.47,3,21.8,1
4,81.98,5,5.67,4,22.86,1
2,58.62,3,1.0,3,47.52,1
5,35.6,3,6.69,8,49.25,1
0,79.38,2,12.11,4,6.66,0
3,55.36,0,7.2,1,18.32,0
2,81.94,4,20.57,3,39.03,1
0,62.88,3,3.41,0,66.54,1
2,77.87,2,1.0,2,25.56,1
2,59.66,3,27.58,2,43.07,0
5,41.59,5,4.75,1,55.16,1
3,94.88,4,8.59,3,84.97,1
1,54.03,4,15.7,3,34.35,0
0,60.3,1,3.92,3,17.02,0
3,22.61,2,12.59,0,49.03,0
3,62.31,1,1.46,3,72.2,1
3,57.02,1,3.44,5,14.89,0
5,19.11,1,1.56,2,43.22,0
5,6.84,4,16.67,1,6.6,0
3,60.23,3,2.52,2,8.02,0
4,75.84,4,12.64,3,48.47,1
1,52.29,3,28.7,5,31.84,0
3,23.22,3,7.5,1,81.06,0
4,66.32,5,7.77,0,59.19,1
4,8.85,2,6.18,2,45.85,0
4,44.3,2,3.94,4,41.71,1
1,17.01,3,6.46,1,49.75,0
2,19.08,1,9.23,5,8.64,0
3,20.82,3,36.0,2,85.35,0
4,38.9,3,27.77,1,94.85,0
4,6.01,4,19.82,2,21.33,0
2,39.98,3,21.99,5,15.83,0
4,51.15,3,6.31,0,17.92,0
2,48.36,6,10.71,4,64.49,1
5,38.51,6,22.54,3,64.53,1
3,83.24,3,4.99,1,81.31,1
4,15.24,3,32.64,2,72.66,0
7,50.56,3,5.37,4,45.47,1
4,7.08,2,9.19,4,60.16,0
5,7.97,3,12.37,1,66.95,0
8,57.24,3,30.08,3,51.15,1
1,56.47,3,2.81,5,47.81,1
2,87.05,1,13.71,1,63.06,1
2,55.67,4,7.36,3,55.17,1
2,95.06,1,3.13,2,62.95,1
6,5.77,3,14.99,2,60.16,0
0,10.6,3,8.03,1,69.73,0
1,5.32,2,10.82,2,62.85,0
7,19.16,5,3.9,3,51.78,1
6,54.04,4,6.56,5,66.36,1
2,64.27,1,9.61,5,45.45,1
2,5.47,1,5.19,2,26.75,0
1,93.71,5,2.21,3,5.13,1
0,83.53,3,32.61,0,55.4,0
4,30.07,1,7.16,4,58.16,0
3,8.56,1,13.24,2,92.48,0
4,17.65,5,5.29,6,37.53,0
6,13.44,3,4.39,2,40.47,0
1,13.08,5,5.23,4,23.16,0
3,51.82,1,5.26,4,11.35,0
7,25.09,0,7.86,2,74.55,1
2,36.1,4,7.84,4,27.47,0
4,97.97,2,6.87,1,59.8,1
2,68.06,2,1.45,1,66.9,1
6,94.0,1,6.85,3,47.41,1
2,14.97,1,1.85,4,83.87,0
2,38.45,1,1.35,2,44.94,0
2,55.36,4,26.98,2,30.64,0
5,8.52,2,9.29,4,85.64,1
6,1.41,1,10.77,2,82.54,0
7,66.7,1,5.14,1,19.76,1
2,63.9,3,23.97,3,7.34,0
2,41.26,3,10.16,0,13.1,0
5,48.99,3,14.66,1,30.79,0
4,41.71,2,4.6,3,92.5,1
3,3.35,4,32.19,3,55.27,0
6,33.87,3,17.17,2,38.59,0
3,18.35,0,19.24,0,84.98,0
2,10.65,2,1.89,4,45.78,0
2,94.76,3,3.16,1,33.37,1
6,59.74,2,3.36,3,89.71,1
0,72.41,3,3.16,1,81.46,1
4,31.91,2,19.34,3,80.93,0
4,39.53,6,1.0,4,51.11,1
3,24.22,7,1.0,2,76.05,1
4,10.5,4,3.2,2,21.14,0
5,18.55,2,2.23,0,56.59,0
4,79.16,2,2.64,3,93.55,1
0,67.4,0,15.99,2,31.19,0
5,54.6,5,8.28,3,76.49,1
6,47.56,2,1.0,2,49.14,1
0,91.4,4,5.61,6,8.58,1
4,8.13,4,5.24,3,73.67,1
2,28.5,3,1.21,1,20.17,0
2,35.29,2,11.27,2,61.83,0
3,77.68,4,12.11,3,12.71,1
1,98.27,5,12.76,5,90.22,1
1,24.59,5,13.04,4,31.26,0
5,86.68,1,1.0,1,25.38,1
0,82.4,3,30.77,0,16.62,0
2,23.02,3,16.83,7,90.14,0
4,40.13,3,23.43,4,69.07,0
1,41.15,3,1.0,1,71.75,1
2,96.87,4,27.16,1,49.95,1
1,18.73,4,16.6,5,47.73,0
1,79.32,3,18.15,7,14.9,0
4,33.75,0,1.0,2,55.39,0
1,72.63,0,13.42,4,27.22,0
2,42.16,3,32.17,2,92.94,0
2,57.68,2,11.35,1,76.69,1
6,82.6,2,8.45,5,42.17,1
7,79.81,4,29.12,6,18.62,1
1,85.91,4,5.85,1,75.68,1
2,6.84,1,9.15,2,15.98,0
4,68.82,7,6.47,0,22.04,1
6,14.72,2,27.01,2,24.04,0
2,41.75,3,1.0,4,55.12,1
0,54.76,6,6.95,2,75.84,1
5,40.47,0,11.61,2,33.29,0
3,51.92,6,15.7,1,12.62,0
7,98.66,3,8.75,3,46.81,1
3,14.25,3,23.96,2,72.33,0
3,67.19,4,28.47,2,24.95,0
3,39.81,4,1.0,1,24.79,0
4,14.03,3,5.15,4,90.25,1
5,16.56,3,1.0,4,90.87,1
4,94.03,1,4.0,3,94.14,1
4,87.2,3,7.7,2,77.69,1
1,89.89,4,24.17,6,21.94,0
4,98.17,2,18.74,2,24.08,1
3,21.41,2,1.36,3,35.62,0
0,35.83,7,1.0,2,33.63,0
7,66.58,3,8.9,5,91.09,1
1,48.41,2,7.6,2,76.02,0
1,42.0,0,3.1,2,70.16,0
1,36.07,1,22.97,5,21.74,0
3,59.19,4,26.22,2,86.86,1
1,57.41,5,5.15,2,79.51,1
3,16.82,2,22.1,6,19.73,0
6,47.23,0,4.84,0,83.41,1
1,55.24,3,13.35,4,29.5,0
3,56.89,2,6.46,0,12.28,0
3,21.59,1,1.31,3,64.11,0
6,73.74,9,26.3,2,63.84,1
3,3.47,2,6.05,3,13.54,0
5,35.77,2,13.26,4,33.7,0
4,77.46,3,4.58,2,94.35,1
7,56.26,3,1.0,8,66.06,1
6,26.59,3,1.06,0,70.71,1
2,69.11,1,6.86,6,24.16,1
3,56.6,2,11.71,3,12.09,0
3,79.03,1,4.08,1,29.92,1
1,73.03,0,11.89,1,27.4,0
5,60.79,2,11.99,2,26.11,0
2,48.84,3,12.17,3,22.35,0
3,14.05,5,6.78,5,56.73,0
6,26.61,3,24.64,0,34.53,0
1,42.07,2,6.72,1,78.83,0
4,59.73,2,5.98,2,21.56,0
2,51.34,6,2.22,3,46.82,1
2,29.24,1,3.68,2,6.23,0
4,1.63,4,1.0,4,48.35,0
3,49.63,4,10.04,3,10.03,0
2,28.99,2,2.86,2,93.0,1
2,72.99,3,3.63,2,76.15,1
5,3.35,0,14.73,3,49.11,0
1,58.31,3,3.96,2,12.79,0
5,93.26,3,2.77,1,58.32,1
5,18.09,2,1.85,3,73.29,1
5,47.22,3,14.91,7,22.16,1
3,9.96,2,1.39,3,56.14,0
3,62.32,2,6.05,2,78.28,1
0,54.95,4,7.07,5,74.14,1
4,40.92,3,11.63,1,77.27,1
3,52.09,3,10.03,1,84.14,1
6,88.86,3,16.65,1,89.39,1
3,20.24,4,1.0,4,41.5,0
1,3.21,4,3.52,2,56.19,0
3,85.44,3,3.29,3,76.16,1
1,57.56,3,1.58,3,67.74,1
1,88.28,3,3.41,2,94.6,1
5,59.5,2,3.71,0,6.23,0
5,80.4,3,7.38,1,36.96,1
2,43.11,4,10.9,2,30.29,0
4,74.49,5,4.8,2,28.61,1
2,90.48,5,12.71,0,25.03,1
5,57.07,1,4.1,0,68.82,1
4,18.72,5,3.43,3,12.63,0
3,27.34,4,7.79,1,71.74,0
5,20.47,2,1.0,6,67.41,1
2,25.19,2,1.0,3,27.57,0
3,31.03,1,5.41,0,27.76,0
5,55.4,3,28.63,3,61.6,0
4,58.62,5,12.78,1,73.6,1
7,42.8,1,1.0,3,83.88,1
3,61.31,2,18.73,2,81.69,1
6,8.99,3,13.18,2,91.84,1
3,9.6,3,9.44,1,57.32,0
2,17.84,3,17.16,5,86.78,0
1,51.77,3,5.18,2,77.77,1
4,21.97,4,2.5,0,85.52,1
3,28.76,4,7.17,3,6.05,0
4,40.23,3,7.96,2,91.93,1
2,80.56,6,7.73,4,47.62,1
2,2.36,4,8.33,2,76.84,0
3,64.64,1,29.7,4,16.45,0
1,66.55,2,23.25,5,40.63,0
2,79.27,2,20.85,1,29.43,0
6,92.41,1,16.17,4,31.25,1
3,2.97,1,28.72,1,16.09,0
2,16.07,5,1.04,3,77.52,1
3,87.84,3,3.08,2,5.83,1
2,45.93,2,6.83,4,33.13,0
2,56.33,2,18.74,1,20.7,0
2,65.98,3,7.04,5,58.01,1
5,67.55,4,13.78,3,27.88,1
3,92.31,1,1.5,1,28.31,1
2,98.7,5,2.91,1,48.95,1
4,71.58,1,13.16,3,63.74,1
7,29.15,4,1.8,4,15.92,1
1,87.22,2,4.33,2,20.8,1
7,5.82,3,3.08,1,27.25,0
3,23.65,4,4.31,2,92.64,1
1,88.94,3,12.32,6,40.74,1
2,26.11,7,4.59,3,58.91,1
1,22.62,2,8.1,4,26.74,0
4,14.54,3,1.05,0,49.14,0
3,85.19,1,16.35,3,11.67,0
3,50.01,1,4.62,2,8.13,0
0,67.14,4,10.46,4,47.19,0
2,24.43,3,12.92,0,40.88,0
3,75.29,0,2.35,3,17.32,1
3,75.48,2,21.6,2,66.88,1
1,31.63,5,9.58,1,94.36,1
8,41.25,4,5.6,3,40.61,1
2,21.55,2,2.01,2,61.21,0
2,96.7,2,28.53,3,91.67,1
4,64.27,3,14.07,2,79.84,1
3,92.59,4,2.33,2,46.72,1
7,30.73,1,4.12,4,71.37,1
4,77.63,3,16.59,3,16.53,1
2,76.05,1,11.9,3,51.09,1
1,68.78,4,14.52,6,30.12,0
5,95.63,2,5.82,2,19.5,1
4,39.57,2,12.6,5,43.37,0
5,13.81,3,4.89,3,16.79,0
0,66.83,2,2.37,0,67.91,1
3,72.47,3,10.02,1,46.06,1
3,57.36,4,36.0,2,52.8,0
3,21.27,2,3.72,4,18.17,0
2,50.44,2,6.18,2,17.58,0
1,31.59,4,11.21,6,57.51,0
4,42.89,2,7.8,3,93.65,1
2,64.23,6,18.54,4,13.66,0
6,74.03,2,14.34,7,30.72,1
2,23.76,1,1.0,3,83.25,0
3,40.72,2,36.0,3,11.5,0
3,27.38,4,13.96,1,83.83,0
6,20.47,2,19.94,3,52.19,0
2,77.77,1,10.53,2,41.74,1
1,90.11,5,19.4,4,32.87,1
5,37.28,3,1.19,4,31.74,1
2,74.63,4,4.27,1,32.52,1
6,88.91,1,20.91,4,84.63,1
3,83.92,2,2.25,4,70.14,1
4,18.92,3,1.0,2,65.28,1
2,94.72,3,15.52,5,76.89,1
0,37.91,2,18.05,1,28.14,0
3,34.25,2,1.78,3,60.62,1
5,7.12,3,19.27,1,46.41,0
3,48.65,6,11.61,2,75.42,1
2,11.68,4,7.34,2,32.83,0
3,25.36,4,17.73,1,62.89,0
4,32.06,1,5.43,0,84.4,1
1,80.26,5,2.16,1,41.19,1
2,86.8,0,3.35,3,11.0,0
4,30.64,5,7.04,5,51.44,1
2,85.15,2,7.58,3,36.14,1
0,85.01,0,16.38,4,65.5,0
2,75.94,2,15.67,1,90.59,1
4,15.38,2,8.71,1,48.7,0
4,68.65,4,15.18,3,46.96,1
4,93.61,3,2.13,5,63.91,1
3,67.89,2,1.0,6,14.31,1
3,33.5,1,20.69,3,27.82,0
1,50.06,2,1.0,1,87.71,1
4,64.28,3,2.83,2,65.29,1
3,51.04,1,11.88,1,6.21,0
2,12.76,7,5.27,2,23.42,0
5,31.58,2,20.9,1,66.46,0
3,79.63,4,3.54,3,73.8,1
3,85.42,3,1.0,0,80.59,1
3,14.46,4,3.58,3,31.3,0
3,94.33,3,8.63,4,88.79,1
7,33.22,3,4.72,3,54.77,1
1,65.91,3,7.65,1,67.69,1
3,74.68,6,20.92,1,58.71,1
5,80.57,3,24.36,4,16.05,0
5,93.68,2,3.09,2,91.68,1
3,31.67,3,6.2,2,16.06,0
5,85.13,2,7.97,1,27.94,1
2,13.91,5,29.78,2,78.23,0
3,70.09,2,36.0,2,60.67,0
2,73.71,3,2.68,3,80.43,1
8,67.42,2,12.98,2,51.42,1
3,25.73,1,4.75,2,38.93,0
4,86.56,2,1.0,4,87.97,1
5,17.55,2,1.0,2,8.26,0
4,6.26,3,6.17,4,82.05,1
3,71.31,1,6.7,0,25.77,0
3,47.6,4,1.0,0,81.39,1
2,84.21,2,11.61,1,17.53,0
7,38.57,2,3.48,3,57.22,1
2,17.49,3,8.21,5,84.93,0
2,82.97,4,3.58,1,47.62,1
4,54.79,3,1.83,2,72.19,1
3,19.54,2,5.23,2,77.42,0
0,71.6,5,2.64,0,71.28,1
7,51.09,3,7.65,0,88.28,1
3,60.22,4,2.22,0,45.22,1
4,46.17,2,7.1,1,20.58,0
3,82.21,5,1.71,2,9.3,1
6,82.3,3,11.12,1,27.18,1
1,70.52,3,14.02,4,17.89,0
6,11.33,3,1.17,6,55.22,1
2,83.21,4,6.31,1,21.65,1
1,66.76,4,1.0,3,8.5,0
3,69.31,3,9.12,2,8.24,0
2,36.57,3,3.07,1,79.84,1
6,87.17,4,7.5,4,58.23,1
2,72.09,3,7.29,1,37.23,1
4,12.03,4,25.82,0,85.48,0
3,40.96,1,7.96,3,11.32,0
7,87.87,2,8.75,1,93.23,1
6,5.63,3,5.14,2,60.47,0
4,95.22,1,29.77,4,21.51,0
6,67.56,2,15.01,3,66.12,1
2,62.87,6,3.36,2,73.7,1
2,27.51,4,18.59,5,43.64,0
1,25.38,2,5.66,2,82.55,0
3,93.32,1,17.64,1,18.57,0
2,30.23,3,17.31,4,30.1,0
1,77.0,5,2.09,4,13.41,1
0,39.53,2,12.08,4,23.98,0
1,14.65,5,3.43,5,26.49,0
1,2.05,3,3.53,3,87.59,0
5,54.34,0,3.51,0,12.03,0
2,96.63,0,12.93,0,43.47,1
6,37.18,3,2.61,4,52.92,1
3,36.0,1,1.0,7,85.88,1
7,34.72,2,12.56,1,94.79,1
1,52.01,3,1.88,0,72.8,1
1,44.19,2,1.1,1,92.37,1
3,87.23,3,2.71,1,75.84,1
2,50.54,3,4.78,3,91.69,1
2,50.76,2,6.46,1,68.65,1
1,14.56,5,1.0,2,12.18,0
5,97.31,1,35.26,2,41.17,0
5,25.5,3,12.59,0,63.19,0
2,8.19,3,3.9,6,36.56,0
1,65.99,3,3.84,1,29.6,0
3,59.35,4,5.95,8,56.97,1
1,41.68,3,9.84,3,89.02,1
6,42.37,2,1.58,3,8.15,1
4,77.94,4,2.09,0,74.23,1
7,20.18,2,19.62,2,70.05,0
4,81.38,1,2.96,1,91.76,1
3,64.58,3,4.78,1,88.76,1
1,42.06,4,20.5,2,73.6,0
3,45.89,0,10.88,1,51.84,0
4,26.15,4,4.18,1,23.38,0
4,74.71,3,11.51,4,54.07,1
1,51.26,4,1.0,4,73.88,1
3,32.44,0,13.3,0,85.61,0
0,59.41,2,6.68,8,76.07,1
2,98.58,6,16.78,2,22.57,1
4,43.66,4,30.93,2,58.97,0
6,91.23,4,26.01,1,34.9,1
4,34.81,1,24.0,2,5.83,0
3,6.36,1,7.18,2,23.02,0
3,21.02,3,4.47,3,15.19,0
1,42.03,3,6.26,0,80.84,0
4,22.52,2,11.71,1,28.27,0
2,1.02,4,21.54,2,30.62,0
6,90.67,3,2.32,3,91.39,1
3,83.7,3,25.03,2,39.12,0
5,73.74,1,16.88,1,5.86,0
4,17.45,3,36.0,3,30.55,0
4,12.8,4,21.22,1,15.74,0
6,7.63,3,3.28,4,14.25,0
3,71.95,2,1.12,7,11.97,1
7,92.02,2,1.19,1,58.39,1
2,43.19,3,3.44,2,22.04,0
4,12.68,1,9.52,5,37.51,0
5,51.21,3,16.31,3,82.58,1
4,35.19,2,22.95,3,43.19,0
3,37.73,0,9.78,4,87.41,1
2,61.89,2,1.0,2,49.81,1
4,71.43,1,2.06,3,40.9,1
5,11.84,1,1.05,3,72.54,1
4,4.49,2,4.51,2,11.59,0
1,98.44,4,6.96,5,13.05,1
2,23.81,3,1.0,6,63.68,1
1,6.28,4,4.28,4,48.82,0
4,19.61,2,1.97,1,76.14,1
1,4.82,3,10.41,3,87.46,0
3,39.4,5,6.24,1,39.95,0
1,79.64,4,6.84,3,58.68,1
2,34.44,0,5.58,1,50.06,0
6,44.53,3,31.24,3,93.34,1
5,67.21,3,2.42,2,79.8,1
5,50.87,4,7.27,2,87.06,1
6,85.42,4,13.32,1,27.89,1
2,85.87,2,8.14,4,74.53,1
2,1.97,3,26.45,5,28.89,0
1,77.25,3,4.75,1,23.79,0
2,46.15,5,6.23,1,89.98,1
1,97.91,2,1.0,3,6.74,1
2,48.36,2,9.39,4,91.88,1
1,97.72,0,3.4,4,18.43,1
3,74.95,4,1.75,4,78.75,1
3,25.36,4,7.86,1,29.83,0
6,53.76,1,7.6,1,36.56,1
5,98.23,4,1.0,3,24.51,1
6,85.04,2,11.98,4,57.7,1
1,10.54,1,9.78,2,36.33,0
2,70.22,3,2.1,0,64.17,1
4,34.87,5,6.34,1,6.41,0
2,1.68,4,12.74,2,10.79,0
1,40.54,5,7.54,3,13.97,0
4,24.01,4,5.03,0,42.71,0
4,81.25,1,3.89,1,78.33,1
1,34.06,2,9.43,3,84.94,0
4,82.1,1,27.99,4,27.03,0
3,1.06,4,11.14,3,56.69,0
1,31.17,2,1.0,3,74.15,0
2,24.63,2,6.17,2,30.99,0
1,23.89,3,22.15,3,41.81,0
2,7.68,4,1.0,0,52.16,0
2,19.34,2,36.0,4,17.14,0
3,55.44,3,29.77,3,7.34,0
5,29.55,4,1.0,3,18.75,0
4,41.9,2,27.09,2,61.42,0
3,37.93,1,4.51,2,11.63,0
0,86.84,3,18.62,0,22.07,0
4,89.72,5,5.42,0,35.41,1
0,49.31,2,5.81,3,12.01,0
4,33.36,6,10.06,6,22.25,0
5,11.47,3,14.89,1,87.01,0
1,94.43,2,1.0,1,6.74,1
4,6.9,0,8.99,0,63.81,0
6,30.17,3,2.07,2,39.6,1
2,30.21,2,4.25,2,65.54,0
3,32.4,2,4.28,4,57.98,1
3,17.1,1,6.33,3,25.11,0
4,77.75,1,4.07,3,81.25,1
3,13.0,6,1.14,0,49.27,0
1,63.22,4,1.57,2,79.03,1
2,13.14,5,1.0,1,41.54,0
5,7.91,6,6.35,1,93.62,1
4,90.12,0,30.89,7,74.34,1
1,19.63,4,1.23,5,91.94,1
2,81.48,3,29.24,1,51.29,0
6,54.37,1,13.22,1,47.63,1
7,8.63,5,10.15,2,72.99,1
3,94.63,4,10.36,1,84.23,1
7,25.2,2,17.53,4,91.77,1
4,85.25,0,1.13,3,34.21,1
3,17.54,4,7.03,3,76.88,1
0,84.69,2,11.94,3,23.96,0
0,2.3,2,8.84,0,54.1,0
4,51.15,5,17.88,3,21.19,0
3,76.41,3,1.0,3,36.27,1
1,92.61,4,11.73,1,88.82,1
2,90.1,0,7.64,5,18.15,1
4,81.32,2,4.77,3,61.92,1
7,88.04,3,4.16,3,58.37,1
3,20.52,3,9.7,2,15.87,0
2,28.85,2,22.16,1,34.34,0
3,29.32,3,6.86,3,55.67,0
0,37.95,2,17.41,3,21.85,0
0,39.55,2,5.14,2,77.06,0
4,54.37,4,1.08,5,92.49,1
4,16.67,4,1.0,2,24.33,0
7,68.74,1,1.0,2,21.82,1
2,17.42,4,4.78,4,45.94,0
3,31.41,1,4.11,1,72.3,0
2,50.33,4,12.66,3,30.34,0
6,79.05,0,13.58,2,6.79,0
3,73.47,1,1.0,3,53.71,1
1,64.26,4,2.5,3,91.09,1
2,16.27,3,3.21,2,40.21,0
2,54.61,2,7.93,3,42.81,0
3,9.57,2,1.56,2,92.2,1
1,37.98,1,1.44,2,67.51,0
6,41.52,2,28.79,4,69.73,0
4,4.9,1,16.31,3,55.64,0
7,27.85,3,1.99,4,92.71,1
2,94.65,1,5.22,6,67.0,1
4,94.46,1,4.39,3,85.55,1
3,35.53,2,15.65,3,67.94,0
2,5.22,5,7.14,0,71.16,0
6,18.55,5,1.37,5,31.14,1
6,39.44,1,13.43,2,32.31,0
6,93.88,3,5.06,1,75.47,1
3,14.84,5,3.05,4,31.7,0
3,75.82,1,4.71,4,55.65,1
1,11.65,5,6.89,3,27.44,0
5,97.16,0,4.2,4,78.53,1
2,38.4,3,2.77,1,14.95,0
5,76.97,3,5.08,4,79.65,1
3,34.57,1,1.0,1,59.25,0
5,62.51,0,14.81,5,21.82,0
4,19.82,1,1.87,0,53.78,0
1,15.31,3,1.0,2,30.42,0
3,92.93,2,10.6,2,34.11,1
4,90.93,1,14.87,1,36.64,1
4,87.97,6,16.81,4,10.7,1
1,62.29,0,6.8,1,93.74,1
5,80.21,0,2.3,4,7.84,1
2,7.77,3,13.36,2,64.62,0
3,33.81,3,12.03,1,38.41,0
3,31.74,1,2.83,1,63.14,0
4,63.29,5,23.37,3,37.06,0
2,35.88,4,1.1,2,65.64,1
2,15.55,2,36.0,0,70.63,0
3,59.45,3,19.68,3,67.15,1
2,80.81,4,11.64,1,15.26,0
2,38.45,0,27.93,0,64.12,0
2,13.96,2,12.81,6,30.2,0
5,20.28,1,2.11,2,7.59,0
4,24.27,3,5.84,5,42.33,0
4,30.39,5,1.0,2,44.02,1
4,63.99,4,4.94,4,47.05,1
4,59.89,2,13.53,1,68.43,1
4,69.22,3,4.88,3,32.8,1
0,36.53,2,4.01,1,33.38,0
1,81.75,3,9.05,0,10.45,0
4,21.0,2,20.57,2,66.81,0
1,46.97,1,1.0,1,56.1,0
4,79.49,4,4.87,1,36.45,1
1,18.66,0,1.72,3,68.47,0
2,11.77,2,11.89,1,53.36,0
2,87.6,2,1.12,3,47.23,1
1,34.61,1,10.93,1,51.02,0
4,68.02,4,3.37,4,62.27,1
7,3.48,4,2.22,3,64.4,1
3,68.62,3,27.54,5,31.01,0
4,31.98,3,1.0,5,17.67,0
6,6.46,5,5.76,1,19.1,0
5,60.76,2,1.0,3,62.55,1
3,24.6,1,6.61,2,83.56,0
2,38.91,2,6.95,2,41.85,0
3,8.9,2,3.88,5,20.26,0
3,15.42,4,1.42,5,73.09,1
1,30.2,1,4.72,2,79.92,0
5,9.8,3,11.16,0,84.25,0
2,90.26,6,15.25,4,59.61,1
3,1.59,4,7.57,3,82.47,0
6,48.42,4,8.91,5,6.39,1
4,13.08,2,2.24,0,14.65,0
4,31.15,2,3.39,1,13.33,0
5,91.75,5,1.77,2,69.13,1
3,16.85,2,2.87,1,11.26,0
1,95.65,1,2.55,4,49.67,1
0,21.17,2,7.33,1,47.54,0
4,73.67,4,8.27,4,32.96,1
0,54.57,2,28.99,0,83.34,0
2,87.68,4,2.18,0,20.34,1
1,55.29,1,10.26,3,36.72,0
3,53.39,3,17.0,4,74.68,1
1,20.15,5,8.22,4,7.74,0
3,17.29,4,2.94,3,65.57,1
4,90.82,1,3.05,1,78.48,1
3,33.13,2,1.0,2,88.9,1
3,37.46,2,3.64,1,83.87,1
2,75.46,7,13.65,3,33.74,1
2,34.2,2,1.0,3,57.77,0
3,94.3,3,2.48,3,11.96,1
1,73.32,3,12.25,0,28.21,0
2,59.55,5,15.26,1,13.48,0
4,87.33,3,6.08,0,33.37,1
6,5.86,2,11.98,2,83.77,0
5,26.19,2,4.91,4,36.25,0
1,46.57,1,1.74,2,55.57,0
3,23.24,3,5.08,3,44.0,0
4,73.9,5,8.67,4,46.3,1
2,91.08,3,29.58,2,92.26,1
5,42.53,2,1.0,3,31.65,1
2,34.53,2,7.08,3,61.46,0
5,95.23,3,3.99,3,42.81,1
3,44.6,2,7.1,1,10.5,0
3,48.93,4,1.0,2,49.04,1
6,35.46,3,3.75,1,78.2,1
4,90.14,3,17.14,0,13.89,0
9,56.76,0,8.07,2,11.26,1
3,75.69,2,5.99,1,18.83,0
2,80.56,4,3.36,7,73.8,1
3,34.5,2,3.54,1,70.16,1
2,43.5,0,4.83,2,55.85,0
5,84.15,1,18.05,2,47.14,1
4,36.6,1,34.18,5,84.95,0
3,78.81,2,5.77,2,74.0,1
5,93.22,3,5.0,2,78.07,1
3,62.07,3,18.74,0,78.19,1
1,73.68,3,5.57,1,62.84,1
3,79.9,1,8.03,0,46.22,1
8,83.81,3,2.63,4,82.82,1
2,39.72,2,13.61,1,88.34,0
2,6.02,0,7.59,4,7.14,0
5,40.38,1,16.56,3,9.64,0
2,67.03,2,15.17,2,91.29,1
4,45.13,3,2.42,2,29.94,1
1,74.4,3,12.57,3,83.6,1
3,35.98,1,16.1,3,39.99,0
8,63.2,4,4.25,2,15.72,1
3,19.27,3,1.89,3,12.24,0
5,74.44,2,1.0,3,19.09,1
6,54.48,4,5.99,5,27.49,1
5,21.0,2,4.35,0,48.97,0
5,29.61,3,8.09,1,68.13,1
4,74.36,5,2.08,3,93.78,1
3,48.29,3,19.64,3,44.74,0
8,22.17,3,2.98,1,51.64,1
2,95.79,2,2.57,0,51.96,1
4,71.08,1,6.55,1,53.55,1
0,94.8,4,6.91,3,51.6,1
1,42.86,1,2.42,1,5.79,0
7,47.56,4,3.17,4,5.16,1
4,89.0,1,1.86,1,13.79,1
5,52.45,4,12.67,1,14.14,0
1,70.31,2,14.7,2,68.44,1
5,25.71,1,6.21,3,23.44,0
1,44.78,2,12.52,3,85.52,0
2,13.1,4,13.32,1,88.57,0
1,21.19,0,1.49,3,92.83,0
5,1.09,4,33.87,2,89.52,0
3,4.85,0,17.21,3,29.47,0
1,96.77,1,2.29,3,50.88,1
2,24.75,3,2.06,3,20.79,0
2,66.0,1,1.34,3,77.56,1
3,83.23,4,1.49,5,84.96,1
4,54.96,2,13.79,5,81.62,1
3,16.01,3,6.34,4,44.0,0
2,72.36,4,15.28,1,73.28,1
3,59.82,5,13.71,4,13.78,0
6,72.66,6,9.28,2,8.62,1
6,76.44,4,11.6,1,72.79,1
5,96.59,3,1.0,2,43.28,1
4,57.21,3,3.74,2,94.6,1
1,34.48,2,10.16,7,13.75,0
4,64.55,2,1.0,4,82.01,1
3,7.71,2,1.0,2,48.2,0
3,88.94,4,19.1,3,79.44,1
2,12.7,2,11.52,3,78.54,0
5,33.13,3,3.08,5,87.44,1
3,80.94,2,11.65,4,31.81,1
5,59.54,2,15.72,1,90.48,1
3,39.58,4,3.66,2,18.65,0
0,47.4,1,1.0,2,12.38,0
5,84.75,1,27.0,3,43.85,1
1,34.32,8,4.23,3,79.55,1
2,86.23,4,1.13,6,47.61,1
2,9.64,0,6.77,0,79.64,0
4,77.13,2,14.63,2,70.67,1
5,84.06,4,2.51,2,23.85,1
2,18.82,0,3.14,2,90.4,0
2,43.17,3,2.78,5,10.47,0
4,17.22,2,36.0,0,85.85,0
0,70.25,0,2.2,2,32.4,0
3,53.46,1,8.57,1,50.01,0
0,63.26,2,25.94,4,43.01,0
2,20.26,1,1.59,1,20.47,0
3,21.75,1,35.35,2,37.23,0
3,5.07,4,29.47,1,22.36,0
3,32.56,3,21.59,4,23.35,0
4,55.85,2,2.42,1,21.84,0
0,85.08,3,10.05,2,49.01,1
4,66.36,3,14.31,4,76.81,1
0,43.67,2,36.0,3,56.21,0
6,94.41,6,1.99,6,85.39,1
6,71.49,4,14.53,4,62.29,1
0,92.16,1,4.14,0,67.04,1
5,52.7,2,1.93,1,65.08,1
1,26.37,3,5.47,1,45.45,0
4,6.18,3,15.79,2,67.04,0
2,72.16,5,6.25,0,11.27,0
1,12.89,2,7.71,5,82.39,0
3,30.67,2,36.0,5,75.0,0
3,53.18,5,5.09,6,27.07,1
6,56.31,2,9.56,0,74.12,1
0,59.86,2,4.55,2,6.14,0
3,17.29,1,4.99,3,24.55,0
6,38.21,3,11.9,2,10.86,0
2,61.49,4,27.79,5,75.22,1
3,96.04,6,7.82,3,73.03,1
3,72.31,2,14.63,5,78.23,1
2,91.42,5,1.0,2,5.4,1
7,75.7,4,2.37,1,50.11,1
4,58.99,7,6.97,4,68.44,1
3,19.82,3,1.0,1,18.99,0
3,66.34,2,2.91,3,63.48,1
1,62.09,4,7.29,0,12.57,0
1,60.04,4,1.0,2,21.32,0
2,49.0,6,3.07,1,47.82,1
2,52.81,2,7.22,6,63.82,1
6,33.78,3,8.51,2,18.13,0
1,51.89,2,26.0,3,21.67,0
4,20.36,1,10.37,3,23.4,0
5,79.91,4,5.36,0,26.48,1
3,19.21,5,26.64,0,25.39,0
1,9.33,5,15.37,1,40.56,0
3,43.75,5,2.23,0,63.84,1
4,65.51,3,1.4,2,44.42,1
4,43.9,5,11.26,2,74.84,1
0,28.12,3,8.21,5,69.73,0
2,55.7,0,15.59,1,16.39,0
4,35.01,2,13.42,3,9.4,0
2,92.42,2,9.81,1,84.01,1
3,91.42,3,36.0,5,12.18,0
5,50.23,3,7.63,0,18.35,0
1,33.13,4,1.2,2,6.99,0
4,73.24,4,17.62,1,61.55,1
2,4.6,3,2.9,2,57.41,0
1,47.53,2,15.02,2,93.82,0
3,33.96,2,31.49,1,84.82,0
4,91.21,3,11.93,1,41.98,1
8,2.18,1,9.06,4,38.44,0
3,55.18,3,6.17,4,31.72,1
6,73.59,4,4.53,2,18.72,1
4,48.53,3,4.35,0,17.43,0
1,9.37,2,10.12,1,16.91,0
1,96.3,1,13.91,6,15.27,0
8,51.77,2,11.35,1,26.65,1
3,61.19,0,2.21,5,32.6,1
3,24.19,3,6.81,1,91.54,1
3,48.38,2,15.68,5,57.06,0
3,43.06,1,6.46,3,93.88,1
4,8.34,3,7.69,1,38.52,0
1,11.4,5,14.75,1,46.19,0
0,83.07,3,10.83,3,34.21,0
3,24.5,3,5.27,5,21.46,0
0,20.11,1,22.58,2,17.88,0
3,50.48,4,1.77,1,90.06,1
3,76.34,5,36.0,0,93.81,1
0,7.07,3,1.27,2,9.04,0
2,57.53,3,1.0,6,18.53,1
1,12.68,1,22.07,1,43.12,0
2,4.57,3,2.81,4,21.77,0
4,6.17,2,13.08,4,37.75,0
4,82.75,1,16.66,1,16.62,0
1,12.56,3,19.59,1,46.09,0
3,5.42,2,36.0,1,29.45,0
3,43.91,1,3.48,2,36.67,0
2,83.71,2,12.39,4,13.49,0
2,26.72,1,1.23,4,43.53,0
3,42.33,4,5.22,2,93.49,1
3,4.91,1,18.84,3,34.59,0
2,45.01,3,4.58,2,83.88,1
2,57.61,3,8.94,2,80.89,1
1,56.95,1,7.01,4,90.69,1
0,33.58,2,10.38,1,76.11,0
3,31.92,3,36.0,1,64.36,0
4,11.45,2,1.0,1,82.09,1
4,36.95,4,8.53,3,11.81,0
3,10.75,2,19.88,2,46.65,0
3,76.13,2,6.57,6,94.03,1
7,95.69,2,1.0,2,74.26,1
3,96.07,1,8.22,2,91.59,1
4,85.78,2,4.04,3,75.17,1
5,59.88,5,1.68,3,83.74,1
1,69.68,2,18.91,1,68.59,0
5,28.95,1,7.37,2,73.45,1
2,62.82,4,27.07,2,52.09,0
7,45.65,3,16.4,5,88.18,1
4,48.24,2,11.81,3,79.25,1
4,75.26,2,1.0,3,80.95,1
1,28.63,3,5.58,2,65.57,0
2,32.17,3,2.2,4,32.41,0
4,91.61,1,24.17,0,8.21,0
1,6.51,3,1.92,1,89.21,0
1,48.59,4,3.37,3,57.75,1
0,90.45,4,7.27,2,31.83,1
3,60.82,2,3.06,2,18.42,0
3,54.55,2,2.36,4,79.66,1
4,25.47,1,9.14,0,80.29,0
2,34.64,6,1.0,6,78.31,1
3,84.5,4,1.0,1,63.06,1
6,55.8,3,4.66,3,37.94,1
2,51.44,2,12.75,2,32.37,0
2,10.76,2,8.09,1,5.77,0
